ID;Name;City;Country;Coordinates
8;EGO;Belgorod;Russia;31.445673, 63.121389
9;ElQ;Buraidach;UAE;12.345643, 39.941043
10;MEX;Mexico;Mexico;47.489762, 29.125340
11;AAA;Ggew;Country11;13.478459, 39.941043
12;EGO;Scales;Country12;19.456273, 22.915333
13;EGO;City13;Country13;43.456783, 23.457830
14;EGO;City14;Country14;92.124223, 19.390143
15;EGO;City15;Country15;49.124149, 37.948420